[{"model": "contenttypes.contenttype", "fields": {"app_label": "admin", "model": "logentry"}}, {"model": "contenttypes.contenttype", "fields": {"app_label": "auth", "model": "permission"}}, {"model": "contenttypes.contenttype", "fields": {"app_label": "auth", "model": "group"}}, {"model": "contenttypes.contenttype", "fields": {"app_label": "auth", "model": "user"}}, {"model": "contenttypes.contenttype", "fields": {"app_label": "contenttypes", "model": "contenttype"}}, {"model": "contenttypes.contenttype", "fields": {"app_label": "sessions", "model": "session"}}, {"model": "contenttypes.contenttype", "fields": {"app_label": "webshop", "model": "category"}}, {"model": "contenttypes.contenttype", "fields": {"app_label": "webshop", "model": "product"}}, {"model": "contenttypes.contenttype", "fields": {"app_label": "orders", "model": "order"}}, {"model": "contenttypes.contenttype", "fields": {"app_label": "orders", "model": "orderitem"}}, {"model": "sessions.session", "pk": "pghhhtbronfhpwqj81bddpjueuyn4zmu", "fields": {"session_data": "eyJjYXJ0Ijp7fX0:1t6WsC:ij7jimM3uUyn_DP2ptp-Bt2YgRdJDFCozcQfugAxUdg", "expire_date": "2024-11-14T15:14:08.486Z"}}, {"model": "sessions.session", "pk": "pgoby50ts5acolhra6iwelmkxe5kgdqt", "fields": {"session_data": "eyJjYXJ0Ijp7fX0:1t793H:fB3fIcPG5At-9Xjzpid2Y61Fuy9zMCNEfipS_vAFoXU", "expire_date": "2024-11-16T08:00:07.825Z"}}, {"model": "sessions.session", "pk": "t94hri9h9ip9ap56naefy7qf49j0h0tv", "fields": {"session_data": "eyJjYXJ0Ijp7fX0:1t5sp9:IAIF5D8IRp0AkfJ781yywm6t-lEJ9YExNx8CppkWpuo", "expire_date": "2024-11-12T20:28:19.488Z"}}, {"model": "sessions.session", "pk": "z12pjoqfeo3ms1n44d91ogp0whu8c0iz", "fields": {"session_data": ".eJxVjrEOgzAQQ_8lM4qaC1wIY_d-A7rjQqGtiBRgQvx7g5Sh9Wg_Wz5UT_s29fsaUj-L6pRR1a_HNLzDcgXyouUZ9RCXLc2sL0SXdNWPKOFzL-zfwETrlNvgyd4aS4YBWWDMIrDOsEN2xC06AKHg65ottN4juXa02QksjSDm0ZiknASs1EBpU91xnl-OqEAN:1t7Y68:UuMPXzFj4K0Cd9YTceVF1AJvryQ0TzOlRQ2EYkyYacA", "expire_date": "2024-11-17T10:44:44.024Z"}}, {"model": "sessions.session", "pk": "z87zqgfiwj79zgmozod84pr8txjj10fh", "fields": {"session_data": "eyJjYXJ0Ijp7fX0:1t6Vgu:FYUCTAvBPeigM00NiL4J6iDQ3Nxey_fj4LPKS3NtzrA", "expire_date": "2024-11-14T13:58:24.429Z"}}, {"model": "webshop.category", "pk": 2, "fields": {"name": "Vegetables", "slug": "vegetables"}}, {"model": "webshop.product", "pk": 5, "fields": {"category": 2, "name": "Tomatoes", "slug": "tomatoes", "image": "products/2024/10/29/tomatoes.png", "description": "Our fresh tomatoes are a true delight for healthy eating enthusiasts! Each fruit boasts a vibrant red color, juicy texture, and rich flavor that will pleasantly surprise you and your loved ones. Grown in ecologically clean fields, these tomatoes are the perfect addition to salads, sides, and main dishes.\r\n\r\nOur produce is handpicked to ensure the highest quality and freshness. Tomatoes are packed with essential vitamins and minerals, such as vitamin C, potassium, and lycopene, which support a strong immune system and overall health.\r\n\r\nAdd fresh tomatoes to your cart and enjoy their delicious taste and benefits every day!\r\n\r\nLet me know if you need any adjustments!", "price": "5.00", "available": true, "created": "2024-10-29T19:52:15.686Z", "updated": "2024-10-29T19:52:15.686Z"}}, {"model": "webshop.product", "pk": 6, "fields": {"category": 2, "name": "Cucumbers", "slug": "cucumbers", "image": "products/2024/10/29/pickles.png", "description": "Our fresh cucumbers are the perfect refreshment for any meal! Crisp and crunchy, each cucumber is bursting with hydration and a mild, refreshing flavor. Grown in clean, fertile soil, these cucumbers are ideal for salads, sandwiches, and healthy snacking.\r\n\r\nHandpicked for optimal freshness and quality, our cucumbers are not only delicious but also packed with nutrients, including vitamins K and C, potassium, and antioxidants. Enjoy the natural crispness and health benefits of our fresh cucumbers every day!", "price": "5.00", "available": true, "created": "2024-10-29T19:55:08.632Z", "updated": "2024-10-29T19:55:08.632Z"}}, {"model": "webshop.product", "pk": 7, "fields": {"category": 2, "name": "Bell Peppers", "slug": "bell-peppers", "image": "products/2024/10/29/peppers.png", "description": "Add a splash of color and flavor to your dishes with our fresh bell peppers! Available in vibrant shades of red, yellow, and green, these peppers are not only visually appealing but also incredibly versatile. They are perfect for grilling, roasting, or adding to salads and stir-fries.\r\n\r\nHarvested at the peak of ripeness, our bell peppers are sweet, crunchy, and packed with vitamins A and C, making them a healthy addition to any meal. Elevate your culinary creations with the delightful taste and nutrition of our fresh bell peppers!", "price": "7.00", "available": true, "created": "2024-10-29T19:56:01.672Z", "updated": "2024-10-29T19:56:01.672Z"}}, {"model": "orders.order", "pk": 3, "fields": {"first_name": "Richard", "last_name": "Hendricks", "email": "hendricks@pidepiper.com", "address": "Nill Road 5", "postal_code": "1000", "city": "Palo Alto", "created": "2024-10-30T14:04:14.278Z", "updated": "2024-10-30T14:04:14.278Z", "paid": false, "stripe_id": ""}}, {"model": "orders.order", "pk": 4, "fields": {"first_name": "Richard", "last_name": "Hendricks", "email": "hendricks@pidepiper.com", "address": "Nill Road 5", "postal_code": "1000", "city": "Palo Alto", "created": "2024-10-30T14:05:03.207Z", "updated": "2024-10-30T14:05:03.207Z", "paid": false, "stripe_id": ""}}, {"model": "orders.order", "pk": 5, "fields": {"first_name": "Artem", "last_name": "Arutiunian", "email": "arutyunyan_av@icloud.com", "address": "Smartinska 68", "postal_code": "1000", "city": "Ljubljana", "created": "2024-10-30T14:06:50.498Z", "updated": "2024-10-30T14:06:50.498Z", "paid": false, "stripe_id": ""}}, {"model": "orders.order", "pk": 6, "fields": {"first_name": "Rene", "last_name": "Duchamp", "email": "rene@mail.com", "address": "luvr 3", "postal_code": "1000", "city": "France", "created": "2024-10-31T14:00:04.286Z", "updated": "2024-10-31T14:00:04.286Z", "paid": false, "stripe_id": ""}}, {"model": "orders.order", "pk": 7, "fields": {"first_name": "Rene", "last_name": "Duchamp", "email": "rene@mail.com", "address": "luvr 3", "postal_code": "1000", "city": "France", "created": "2024-10-31T14:35:12.095Z", "updated": "2024-10-31T14:35:12.095Z", "paid": false, "stripe_id": ""}}, {"model": "orders.order", "pk": 8, "fields": {"first_name": "Bruce", "last_name": "Murray", "email": "jamesblack@mail.com", "address": "sgajhsgj 78", "postal_code": "1000", "city": "Ljubljana", "created": "2024-10-31T14:44:00.584Z", "updated": "2024-10-31T14:44:00.584Z", "paid": false, "stripe_id": ""}}, {"model": "orders.order", "pk": 9, "fields": {"first_name": "Bruce", "last_name": "Murray", "email": "jamesblack@mail.com", "address": "sgajhsgj 78", "postal_code": "1000", "city": "Ljubljana", "created": "2024-10-31T14:57:55.782Z", "updated": "2024-10-31T14:57:55.782Z", "paid": false, "stripe_id": ""}}, {"model": "orders.order", "pk": 10, "fields": {"first_name": "Bruce", "last_name": "Duchamp", "email": "hazejohn246@gmail.com", "address": "sgajhsgj 78", "postal_code": "1000", "city": "Ljubljana", "created": "2024-10-31T15:05:07.642Z", "updated": "2024-10-31T15:05:07.642Z", "paid": false, "stripe_id": ""}}, {"model": "orders.order", "pk": 11, "fields": {"first_name": "Ben", "last_name": "Gur", "email": "gur@mail.com", "address": "Backer street 282", "postal_code": "1995", "city": "London", "created": "2024-10-31T15:16:56.433Z", "updated": "2024-10-31T15:16:56.433Z", "paid": false, "stripe_id": ""}}, {"model": "orders.order", "pk": 12, "fields": {"first_name": "Bruce", "last_name": "Duchamp", "email": "jamesblack@mail.com", "address": "Backer street 282", "postal_code": "5652", "city": "Palo Alto", "created": "2024-10-31T16:38:41.673Z", "updated": "2024-10-31T16:38:41.673Z", "paid": false, "stripe_id": ""}}, {"model": "orders.order", "pk": 13, "fields": {"first_name": "Artem", "last_name": "Arutiunian", "email": "arutyunyan_av@icloud.com", "address": "Smartinska 68", "postal_code": "1000", "city": "Ljubljana", "created": "2024-11-01T12:06:40.619Z", "updated": "2024-11-01T12:06:40.619Z", "paid": false, "stripe_id": ""}}, {"model": "orders.order", "pk": 14, "fields": {"first_name": "Artem", "last_name": "Arutiunian", "email": "arutyunyan_av@icloud.com", "address": "Smartinska 68", "postal_code": "1000", "city": "Ljubljana", "created": "2024-11-01T12:24:47.249Z", "updated": "2024-11-01T12:24:47.249Z", "paid": false, "stripe_id": ""}}, {"model": "orders.order", "pk": 15, "fields": {"first_name": "Artem", "last_name": "Arutiunian", "email": "arutyunyan_av@icloud.com", "address": "Smartinska 68", "postal_code": "1000", "city": "Ljubljana", "created": "2024-11-01T12:31:23.362Z", "updated": "2024-11-01T12:31:23.362Z", "paid": false, "stripe_id": ""}}, {"model": "orders.order", "pk": 16, "fields": {"first_name": "Artem", "last_name": "Arutiunian", "email": "arutyunyan_av@icloud.com", "address": "Smartinska 68", "postal_code": "1000", "city": "Ljubljana", "created": "2024-11-01T12:36:57.795Z", "updated": "2024-11-01T12:36:57.795Z", "paid": false, "stripe_id": ""}}, {"model": "orders.order", "pk": 17, "fields": {"first_name": "Artem", "last_name": "Duchamp", "email": "arutyunyan_av@icloud.com", "address": "Smartinska 68", "postal_code": "1000", "city": "Ljubljana", "created": "2024-11-01T12:38:08.133Z", "updated": "2024-11-01T12:38:08.133Z", "paid": false, "stripe_id": ""}}, {"model": "orders.order", "pk": 18, "fields": {"first_name": "Artem", "last_name": "Arutiunian", "email": "arutyunyan_av@icloud.com", "address": "Smartinska 68", "postal_code": "1000", "city": "Ljubljana", "created": "2024-11-01T15:27:11.063Z", "updated": "2024-11-01T15:27:11.063Z", "paid": false, "stripe_id": ""}}, {"model": "orders.order", "pk": 19, "fields": {"first_name": "Artem", "last_name": "Arutiunian", "email": "arutyunyan_av@icloud.com", "address": "Smartinska 68", "postal_code": "1000", "city": "Ljubljana", "created": "2024-11-01T15:31:03.983Z", "updated": "2024-11-01T15:31:03.983Z", "paid": false, "stripe_id": ""}}, {"model": "orders.order", "pk": 20, "fields": {"first_name": "Artem", "last_name": "Duchamp", "email": "arutyunyan_av@icloud.com", "address": "Smartinska 68", "postal_code": "1000", "city": "Ljubljana", "created": "2024-11-01T16:40:12.294Z", "updated": "2024-11-01T16:40:12.294Z", "paid": false, "stripe_id": ""}}, {"model": "orders.order", "pk": 21, "fields": {"first_name": "Bruce", "last_name": "Murray", "email": "hazejohn246@gmail.com", "address": "sgajhsgj 78", "postal_code": "5652", "city": "Palo Alto", "created": "2024-11-01T17:55:07.470Z", "updated": "2024-11-01T17:55:07.470Z", "paid": false, "stripe_id": ""}}, {"model": "orders.order", "pk": 22, "fields": {"first_name": "Artem", "last_name": "Arutiunian", "email": "arutyunyan_av@icloud.com", "address": "Smartinska 68", "postal_code": "1000", "city": "Ljubljana", "created": "2024-11-01T17:58:27.957Z", "updated": "2024-11-01T17:58:27.957Z", "paid": false, "stripe_id": ""}}, {"model": "orders.order", "pk": 23, "fields": {"first_name": "Artem", "last_name": "Arutiunian", "email": "arutyunyan_av@icloud.com", "address": "Smartinska 68", "postal_code": "1000", "city": "Ljubljana", "created": "2024-11-01T18:03:16.757Z", "updated": "2024-11-01T18:03:16.757Z", "paid": false, "stripe_id": ""}}, {"model": "orders.order", "pk": 24, "fields": {"first_name": "Artem", "last_name": "Arutiunian", "email": "arutyunyan_av@icloud.com", "address": "Smartinska 68", "postal_code": "1000", "city": "Ljubljana", "created": "2024-11-01T18:43:19.392Z", "updated": "2024-11-01T18:43:54.580Z", "paid": true, "stripe_id": ""}}, {"model": "orders.order", "pk": 25, "fields": {"first_name": "Artem", "last_name": "Arutiunian", "email": "arutyunyan_av@icloud.com", "address": "Smartinska 68", "postal_code": "1000", "city": "Ljubljana", "created": "2024-11-01T20:03:40.922Z", "updated": "2024-11-01T20:04:38.939Z", "paid": true, "stripe_id": "pi_3QGR1z05yxx70mpt0QLsxl7J"}}, {"model": "orders.order", "pk": 26, "fields": {"first_name": "Bruce", "last_name": "Wayne", "email": "wayne@interprise.com", "address": "Backer street 282", "postal_code": "1000", "city": "London", "created": "2024-11-03T10:42:49.654Z", "updated": "2024-11-03T10:43:43.761Z", "paid": true, "stripe_id": "pi_3QH1EL05yxx70mpt0DsLbU3i"}}, {"model": "orders.orderitem", "pk": 5, "fields": {"order": 3, "product": 5, "price": "5.00", "quantity": 2}}, {"model": "orders.orderitem", "pk": 6, "fields": {"order": 3, "product": 6, "price": "5.00", "quantity": 2}}, {"model": "orders.orderitem", "pk": 7, "fields": {"order": 3, "product": 7, "price": "7.00", "quantity": 1}}, {"model": "orders.orderitem", "pk": 8, "fields": {"order": 4, "product": 5, "price": "5.00", "quantity": 2}}, {"model": "orders.orderitem", "pk": 9, "fields": {"order": 4, "product": 6, "price": "5.00", "quantity": 2}}, {"model": "orders.orderitem", "pk": 10, "fields": {"order": 4, "product": 7, "price": "7.00", "quantity": 1}}, {"model": "orders.orderitem", "pk": 11, "fields": {"order": 5, "product": 5, "price": "5.00", "quantity": 5}}, {"model": "orders.orderitem", "pk": 12, "fields": {"order": 5, "product": 6, "price": "5.00", "quantity": 3}}, {"model": "orders.orderitem", "pk": 13, "fields": {"order": 5, "product": 7, "price": "7.00", "quantity": 2}}, {"model": "orders.orderitem", "pk": 14, "fields": {"order": 6, "product": 6, "price": "5.00", "quantity": 2}}, {"model": "orders.orderitem", "pk": 15, "fields": {"order": 6, "product": 5, "price": "5.00", "quantity": 3}}, {"model": "orders.orderitem", "pk": 16, "fields": {"order": 6, "product": 7, "price": "7.00", "quantity": 1}}, {"model": "orders.orderitem", "pk": 17, "fields": {"order": 8, "product": 7, "price": "7.00", "quantity": 1}}, {"model": "orders.orderitem", "pk": 18, "fields": {"order": 8, "product": 6, "price": "5.00", "quantity": 2}}, {"model": "orders.orderitem", "pk": 19, "fields": {"order": 10, "product": 7, "price": "7.00", "quantity": 1}}, {"model": "orders.orderitem", "pk": 20, "fields": {"order": 10, "product": 6, "price": "5.00", "quantity": 2}}, {"model": "orders.orderitem", "pk": 21, "fields": {"order": 10, "product": 5, "price": "5.00", "quantity": 2}}, {"model": "orders.orderitem", "pk": 22, "fields": {"order": 11, "product": 7, "price": "7.00", "quantity": 3}}, {"model": "orders.orderitem", "pk": 23, "fields": {"order": 11, "product": 6, "price": "5.00", "quantity": 1}}, {"model": "orders.orderitem", "pk": 24, "fields": {"order": 12, "product": 5, "price": "5.00", "quantity": 1}}, {"model": "orders.orderitem", "pk": 25, "fields": {"order": 12, "product": 6, "price": "5.00", "quantity": 1}}, {"model": "orders.orderitem", "pk": 26, "fields": {"order": 13, "product": 7, "price": "7.00", "quantity": 1}}, {"model": "orders.orderitem", "pk": 27, "fields": {"order": 13, "product": 6, "price": "5.00", "quantity": 2}}, {"model": "orders.orderitem", "pk": 28, "fields": {"order": 13, "product": 5, "price": "5.00", "quantity": 3}}, {"model": "orders.orderitem", "pk": 29, "fields": {"order": 14, "product": 7, "price": "7.00", "quantity": 1}}, {"model": "orders.orderitem", "pk": 30, "fields": {"order": 14, "product": 6, "price": "5.00", "quantity": 2}}, {"model": "orders.orderitem", "pk": 31, "fields": {"order": 14, "product": 5, "price": "5.00", "quantity": 2}}, {"model": "orders.orderitem", "pk": 32, "fields": {"order": 15, "product": 7, "price": "7.00", "quantity": 1}}, {"model": "orders.orderitem", "pk": 33, "fields": {"order": 15, "product": 6, "price": "5.00", "quantity": 1}}, {"model": "orders.orderitem", "pk": 34, "fields": {"order": 15, "product": 5, "price": "5.00", "quantity": 1}}, {"model": "orders.orderitem", "pk": 35, "fields": {"order": 16, "product": 7, "price": "7.00", "quantity": 1}}, {"model": "orders.orderitem", "pk": 36, "fields": {"order": 16, "product": 6, "price": "5.00", "quantity": 3}}, {"model": "orders.orderitem", "pk": 37, "fields": {"order": 16, "product": 5, "price": "5.00", "quantity": 2}}, {"model": "orders.orderitem", "pk": 38, "fields": {"order": 17, "product": 7, "price": "7.00", "quantity": 1}}, {"model": "orders.orderitem", "pk": 39, "fields": {"order": 18, "product": 7, "price": "7.00", "quantity": 1}}, {"model": "orders.orderitem", "pk": 40, "fields": {"order": 18, "product": 6, "price": "5.00", "quantity": 2}}, {"model": "orders.orderitem", "pk": 41, "fields": {"order": 18, "product": 5, "price": "5.00", "quantity": 3}}, {"model": "orders.orderitem", "pk": 42, "fields": {"order": 19, "product": 7, "price": "7.00", "quantity": 1}}, {"model": "orders.orderitem", "pk": 43, "fields": {"order": 19, "product": 6, "price": "5.00", "quantity": 2}}, {"model": "orders.orderitem", "pk": 44, "fields": {"order": 19, "product": 5, "price": "5.00", "quantity": 3}}, {"model": "orders.orderitem", "pk": 45, "fields": {"order": 20, "product": 7, "price": "7.00", "quantity": 1}}, {"model": "orders.orderitem", "pk": 46, "fields": {"order": 20, "product": 6, "price": "5.00", "quantity": 2}}, {"model": "orders.orderitem", "pk": 47, "fields": {"order": 20, "product": 5, "price": "5.00", "quantity": 3}}, {"model": "orders.orderitem", "pk": 48, "fields": {"order": 21, "product": 6, "price": "5.00", "quantity": 1}}, {"model": "orders.orderitem", "pk": 49, "fields": {"order": 22, "product": 6, "price": "5.00", "quantity": 1}}, {"model": "orders.orderitem", "pk": 50, "fields": {"order": 23, "product": 5, "price": "5.00", "quantity": 1}}, {"model": "orders.orderitem", "pk": 51, "fields": {"order": 24, "product": 6, "price": "5.00", "quantity": 1}}, {"model": "orders.orderitem", "pk": 52, "fields": {"order": 25, "product": 6, "price": "5.00", "quantity": 3}}, {"model": "orders.orderitem", "pk": 53, "fields": {"order": 25, "product": 5, "price": "5.00", "quantity": 2}}, {"model": "orders.orderitem", "pk": 54, "fields": {"order": 25, "product": 7, "price": "7.00", "quantity": 1}}, {"model": "orders.orderitem", "pk": 55, "fields": {"order": 26, "product": 6, "price": "5.00", "quantity": 2}}, {"model": "orders.orderitem", "pk": 56, "fields": {"order": 26, "product": 5, "price": "5.00", "quantity": 3}}, {"model": "auth.permission", "fields": {"name": "Can add log entry", "content_type": ["admin", "logentry"], "codename": "add_logentry"}}, {"model": "auth.permission", "fields": {"name": "Can change log entry", "content_type": ["admin", "logentry"], "codename": "change_logentry"}}, {"model": "auth.permission", "fields": {"name": "Can delete log entry", "content_type": ["admin", "logentry"], "codename": "delete_logentry"}}, {"model": "auth.permission", "fields": {"name": "Can view log entry", "content_type": ["admin", "logentry"], "codename": "view_logentry"}}, {"model": "auth.permission", "fields": {"name": "Can add permission", "content_type": ["auth", "permission"], "codename": "add_permission"}}, {"model": "auth.permission", "fields": {"name": "Can change permission", "content_type": ["auth", "permission"], "codename": "change_permission"}}, {"model": "auth.permission", "fields": {"name": "Can delete permission", "content_type": ["auth", "permission"], "codename": "delete_permission"}}, {"model": "auth.permission", "fields": {"name": "Can view permission", "content_type": ["auth", "permission"], "codename": "view_permission"}}, {"model": "auth.permission", "fields": {"name": "Can add group", "content_type": ["auth", "group"], "codename": "add_group"}}, {"model": "auth.permission", "fields": {"name": "Can change group", "content_type": ["auth", "group"], "codename": "change_group"}}, {"model": "auth.permission", "fields": {"name": "Can delete group", "content_type": ["auth", "group"], "codename": "delete_group"}}, {"model": "auth.permission", "fields": {"name": "Can view group", "content_type": ["auth", "group"], "codename": "view_group"}}, {"model": "auth.permission", "fields": {"name": "Can add user", "content_type": ["auth", "user"], "codename": "add_user"}}, {"model": "auth.permission", "fields": {"name": "Can change user", "content_type": ["auth", "user"], "codename": "change_user"}}, {"model": "auth.permission", "fields": {"name": "Can delete user", "content_type": ["auth", "user"], "codename": "delete_user"}}, {"model": "auth.permission", "fields": {"name": "Can view user", "content_type": ["auth", "user"], "codename": "view_user"}}, {"model": "auth.permission", "fields": {"name": "Can add content type", "content_type": ["contenttypes", "contenttype"], "codename": "add_contenttype"}}, {"model": "auth.permission", "fields": {"name": "Can change content type", "content_type": ["contenttypes", "contenttype"], "codename": "change_contenttype"}}, {"model": "auth.permission", "fields": {"name": "Can delete content type", "content_type": ["contenttypes", "contenttype"], "codename": "delete_contenttype"}}, {"model": "auth.permission", "fields": {"name": "Can view content type", "content_type": ["contenttypes", "contenttype"], "codename": "view_contenttype"}}, {"model": "auth.permission", "fields": {"name": "Can add session", "content_type": ["sessions", "session"], "codename": "add_session"}}, {"model": "auth.permission", "fields": {"name": "Can change session", "content_type": ["sessions", "session"], "codename": "change_session"}}, {"model": "auth.permission", "fields": {"name": "Can delete session", "content_type": ["sessions", "session"], "codename": "delete_session"}}, {"model": "auth.permission", "fields": {"name": "Can view session", "content_type": ["sessions", "session"], "codename": "view_session"}}, {"model": "auth.permission", "fields": {"name": "Can add category", "content_type": ["webshop", "category"], "codename": "add_category"}}, {"model": "auth.permission", "fields": {"name": "Can change category", "content_type": ["webshop", "category"], "codename": "change_category"}}, {"model": "auth.permission", "fields": {"name": "Can delete category", "content_type": ["webshop", "category"], "codename": "delete_category"}}, {"model": "auth.permission", "fields": {"name": "Can view category", "content_type": ["webshop", "category"], "codename": "view_category"}}, {"model": "auth.permission", "fields": {"name": "Can add product", "content_type": ["webshop", "product"], "codename": "add_product"}}, {"model": "auth.permission", "fields": {"name": "Can change product", "content_type": ["webshop", "product"], "codename": "change_product"}}, {"model": "auth.permission", "fields": {"name": "Can delete product", "content_type": ["webshop", "product"], "codename": "delete_product"}}, {"model": "auth.permission", "fields": {"name": "Can view product", "content_type": ["webshop", "product"], "codename": "view_product"}}, {"model": "auth.permission", "fields": {"name": "Can add order", "content_type": ["orders", "order"], "codename": "add_order"}}, {"model": "auth.permission", "fields": {"name": "Can change order", "content_type": ["orders", "order"], "codename": "change_order"}}, {"model": "auth.permission", "fields": {"name": "Can delete order", "content_type": ["orders", "order"], "codename": "delete_order"}}, {"model": "auth.permission", "fields": {"name": "Can view order", "content_type": ["orders", "order"], "codename": "view_order"}}, {"model": "auth.permission", "fields": {"name": "Can add order item", "content_type": ["orders", "orderitem"], "codename": "add_orderitem"}}, {"model": "auth.permission", "fields": {"name": "Can change order item", "content_type": ["orders", "orderitem"], "codename": "change_orderitem"}}, {"model": "auth.permission", "fields": {"name": "Can delete order item", "content_type": ["orders", "orderitem"], "codename": "delete_orderitem"}}, {"model": "auth.permission", "fields": {"name": "Can view order item", "content_type": ["orders", "orderitem"], "codename": "view_orderitem"}}, {"model": "auth.user", "fields": {"password": "pbkdf2_sha256$390000$EbxyMhY1Vna7YhFm0tO48q$SFbunY6nXZZdugbgr5Dy4t87CPO15Z8PqEQNNxN9vN4=", "last_login": "2024-10-25T15:22:40.278Z", "is_superuser": true, "username": "GrandMaster", "first_name": "", "last_name": "", "email": "arutyunyan_av@icloud.com", "is_staff": true, "is_active": true, "date_joined": "2024-10-18T11:06:47.309Z", "groups": [], "user_permissions": []}}, {"model": "admin.logentry", "pk": 1, "fields": {"action_time": "2024-10-18T11:20:19.933Z", "user": ["GrandMaster"], "content_type": ["webshop", "category"], "object_id": "1", "object_repr": "Indica", "action_flag": 1, "change_message": "[{\"added\": {}}]"}}, {"model": "admin.logentry", "pk": 2, "fields": {"action_time": "2024-10-18T11:21:55.948Z", "user": ["GrandMaster"], "content_type": ["webshop", "product"], "object_id": "1", "object_repr": "Girl Scout Cookies", "action_flag": 1, "change_message": "[{\"added\": {}}]"}}, {"model": "admin.logentry", "pk": 3, "fields": {"action_time": "2024-10-20T10:02:16.598Z", "user": ["GrandMaster"], "content_type": ["webshop", "product"], "object_id": "1", "object_repr": "Girl Scout Cookies", "action_flag": 3, "change_message": ""}}, {"model": "admin.logentry", "pk": 4, "fields": {"action_time": "2024-10-20T10:10:52.118Z", "user": ["GrandMaster"], "content_type": ["webshop", "product"], "object_id": "2", "object_repr": "Girl Scout Cookies", "action_flag": 1, "change_message": "[{\"added\": {}}]"}}, {"model": "admin.logentry", "pk": 5, "fields": {"action_time": "2024-10-20T10:23:57.795Z", "user": ["GrandMaster"], "content_type": ["webshop", "product"], "object_id": "3", "object_repr": "Afghan", "action_flag": 1, "change_message": "[{\"added\": {}}]"}}, {"model": "admin.logentry", "pk": 6, "fields": {"action_time": "2024-10-23T12:13:58.754Z", "user": ["GrandMaster"], "content_type": ["webshop", "product"], "object_id": "3", "object_repr": "Afghan", "action_flag": 2, "change_message": "[{\"changed\": {\"fields\": [\"Image\"]}}]"}}, {"model": "admin.logentry", "pk": 7, "fields": {"action_time": "2024-10-23T12:14:19.667Z", "user": ["GrandMaster"], "content_type": ["webshop", "product"], "object_id": "2", "object_repr": "Girl Scout Cookies", "action_flag": 2, "change_message": "[{\"changed\": {\"fields\": [\"Image\"]}}]"}}, {"model": "admin.logentry", "pk": 8, "fields": {"action_time": "2024-10-23T12:51:43.442Z", "user": ["GrandMaster"], "content_type": ["webshop", "product"], "object_id": "3", "object_repr": "Afghan", "action_flag": 2, "change_message": "[{\"changed\": {\"fields\": [\"Image\"]}}]"}}, {"model": "admin.logentry", "pk": 9, "fields": {"action_time": "2024-10-23T12:51:54.496Z", "user": ["GrandMaster"], "content_type": ["webshop", "product"], "object_id": "2", "object_repr": "Girl Scout Cookies", "action_flag": 2, "change_message": "[{\"changed\": {\"fields\": [\"Image\"]}}]"}}, {"model": "admin.logentry", "pk": 10, "fields": {"action_time": "2024-10-23T13:00:07.085Z", "user": ["GrandMaster"], "content_type": ["webshop", "product"], "object_id": "3", "object_repr": "Afghan", "action_flag": 2, "change_message": "[{\"changed\": {\"fields\": [\"Image\"]}}]"}}, {"model": "admin.logentry", "pk": 11, "fields": {"action_time": "2024-10-23T13:00:14.426Z", "user": ["GrandMaster"], "content_type": ["webshop", "product"], "object_id": "2", "object_repr": "Girl Scout Cookies", "action_flag": 2, "change_message": "[{\"changed\": {\"fields\": [\"Image\"]}}]"}}, {"model": "admin.logentry", "pk": 12, "fields": {"action_time": "2024-10-23T14:11:49.116Z", "user": ["GrandMaster"], "content_type": ["webshop", "product"], "object_id": "3", "object_repr": "Afghan", "action_flag": 2, "change_message": "[{\"changed\": {\"fields\": [\"Image\"]}}]"}}, {"model": "admin.logentry", "pk": 13, "fields": {"action_time": "2024-10-23T14:11:58.784Z", "user": ["GrandMaster"], "content_type": ["webshop", "product"], "object_id": "2", "object_repr": "Girl Scout Cookies", "action_flag": 2, "change_message": "[{\"changed\": {\"fields\": [\"Image\"]}}]"}}, {"model": "admin.logentry", "pk": 14, "fields": {"action_time": "2024-10-23T14:38:57.526Z", "user": ["GrandMaster"], "content_type": ["webshop", "product"], "object_id": "2", "object_repr": "Girl Scout Cookies", "action_flag": 2, "change_message": "[{\"changed\": {\"fields\": [\"Description\"]}}]"}}, {"model": "admin.logentry", "pk": 15, "fields": {"action_time": "2024-10-23T14:39:46.246Z", "user": ["GrandMaster"], "content_type": ["webshop", "product"], "object_id": "2", "object_repr": "Girl Scout Cookies", "action_flag": 2, "change_message": "[{\"changed\": {\"fields\": [\"Description\"]}}]"}}, {"model": "admin.logentry", "pk": 16, "fields": {"action_time": "2024-10-23T14:42:24.641Z", "user": ["GrandMaster"], "content_type": ["webshop", "product"], "object_id": "3", "object_repr": "Afghan", "action_flag": 2, "change_message": "[{\"changed\": {\"fields\": [\"Description\"]}}]"}}, {"model": "admin.logentry", "pk": 17, "fields": {"action_time": "2024-10-23T14:49:35.530Z", "user": ["GrandMaster"], "content_type": ["webshop", "product"], "object_id": "4", "object_repr": "Hindu Kush", "action_flag": 1, "change_message": "[{\"added\": {}}]"}}, {"model": "admin.logentry", "pk": 18, "fields": {"action_time": "2024-10-23T14:50:08.420Z", "user": ["GrandMaster"], "content_type": ["webshop", "product"], "object_id": "4", "object_repr": "Hindu Kush", "action_flag": 2, "change_message": "[{\"changed\": {\"fields\": [\"Image\"]}}]"}}, {"model": "admin.logentry", "pk": 19, "fields": {"action_time": "2024-10-25T15:23:03.980Z", "user": ["GrandMaster"], "content_type": ["orders", "order"], "object_id": "1", "object_repr": "Order object (1)", "action_flag": 3, "change_message": ""}}, {"model": "admin.logentry", "pk": 20, "fields": {"action_time": "2024-10-25T15:43:59.892Z", "user": ["GrandMaster"], "content_type": ["orders", "order"], "object_id": "2", "object_repr": "Order object (2)", "action_flag": 3, "change_message": ""}}, {"model": "admin.logentry", "pk": 21, "fields": {"action_time": "2024-10-29T19:47:54.066Z", "user": ["GrandMaster"], "content_type": ["webshop", "category"], "object_id": "1", "object_repr": "Indica", "action_flag": 3, "change_message": ""}}, {"model": "admin.logentry", "pk": 22, "fields": {"action_time": "2024-10-29T19:48:39.702Z", "user": ["GrandMaster"], "content_type": ["webshop", "category"], "object_id": "2", "object_repr": "Vegetables", "action_flag": 1, "change_message": "[{\"added\": {}}]"}}, {"model": "admin.logentry", "pk": 23, "fields": {"action_time": "2024-10-29T19:52:15.689Z", "user": ["GrandMaster"], "content_type": ["webshop", "product"], "object_id": "5", "object_repr": "Tomatoes", "action_flag": 1, "change_message": "[{\"added\": {}}]"}}, {"model": "admin.logentry", "pk": 24, "fields": {"action_time": "2024-10-29T19:55:08.650Z", "user": ["GrandMaster"], "content_type": ["webshop", "product"], "object_id": "6", "object_repr": "Cucumbers", "action_flag": 1, "change_message": "[{\"added\": {}}]"}}, {"model": "admin.logentry", "pk": 25, "fields": {"action_time": "2024-10-29T19:56:01.690Z", "user": ["GrandMaster"], "content_type": ["webshop", "product"], "object_id": "7", "object_repr": "Bell Peppers", "action_flag": 1, "change_message": "[{\"added\": {}}]"}}]